channel,leads,conversions,conv_pct,avg_premium,conv_rate,premium_won,tier,suggested_action
26,79700,15891,19.94,33654.0,0.19938519447929737,534795714.0,Star,"Protect and retain: priority support, recognition"
124,73995,13996,18.91,31710.0,0.18914791539968917,443813160.0,Star,"Protect and retain: priority support, recognition"
152,134784,3858,2.86,30889.0,0.0286235754985755,119169762.0,Fix,Coaching and incentive redesign to lift conversion
122,9930,1720,17.32,36938.0,0.1732124874118832,63533360.0,Star,"Protect and retain: priority support, recognition"
154,5993,1474,24.6,28225.0,0.24595361254797263,41603650.0,Star,"Protect and retain: priority support, recognition"
156,10661,2297,21.55,11416.0,0.21545821217521807,26222552.0,Star,"Protect and retain: priority support, recognition"
157,6684,1794,26.84,13941.0,0.26840215439856374,25010154.0,Star,"Protect and retain: priority support, recognition"
163,2893,880,30.42,24639.0,0.3041825095057034,21682320.0,Star,"Protect and retain: priority support, recognition"
25,1848,369,19.97,36929.0,0.19967532467532467,13626801.0,Star,"Protect and retain: priority support, recognition"
160,21779,475,2.18,25576.0,0.021810000459157906,12148600.0,Fix,Coaching and incentive redesign to lift conversion
155,1234,395,32.01,29946.0,0.320097244732577,11828670.0,Star,"Protect and retain: priority support, recognition"
13,1865,275,14.75,37699.0,0.14745308310991956,10367225.0,Star,"Protect and retain: priority support, recognition"
55,1264,189,14.95,40482.0,0.1495253164556962,7651098.0,Star,"Protect and retain: priority support, recognition"
7,1598,182,11.39,37825.0,0.11389236545682102,6884150.0,Fix,Coaching and incentive redesign to lift conversion
3,523,159,30.4,36660.0,0.30401529636711283,5828940.0,Scale-up,Route more leads and widen territory
31,631,160,25.36,30420.0,0.25356576862123614,4867200.0,Scale-up,Route more leads and widen territory
30,1410,156,11.06,30662.0,0.11063829787234042,4783272.0,Fix,Coaching and incentive redesign to lift conversion
125,1026,127,12.38,37653.0,0.12378167641325535,4781931.0,Review,Reassess viability; consider deprioritising
52,1055,115,10.9,39851.0,0.10900473933649289,4582865.0,Review,Reassess viability; consider deprioritising
12,783,132,16.86,33572.0,0.1685823754789272,4431504.0,Scale-up,Route more leads and widen territory
8,1515,125,8.25,32160.0,0.08250825082508251,4020000.0,Fix,Coaching and incentive redesign to lift conversion
24,750,99,13.2,37728.0,0.132,3735072.0,Scale-up,Route more leads and widen territory
151,3885,122,3.14,29307.0,0.031402831402831406,3575454.0,Fix,Coaching and incentive redesign to lift conversion
29,843,106,12.57,33499.0,0.1257413997627521,3550894.0,Scale-up,Route more leads and widen territory
11,1203,108,8.98,30556.0,0.08977556109725686,3300048.0,Review,Reassess viability; consider deprioritising
4,509,102,20.04,30163.0,0.20039292730844793,3076626.0,Scale-up,Route more leads and widen territory
14,622,63,10.13,33877.0,0.10128617363344052,2134251.0,Review,Reassess viability; consider deprioritising
61,579,56,9.67,35643.0,0.09671848013816926,1996008.0,Review,Reassess viability; consider deprioritising
120,769,65,8.45,29051.0,0.08452535760728218,1888315.0,Review,Reassess viability; consider deprioritising
60,517,53,10.25,30981.0,0.10251450676982592,1641993.0,Review,Reassess viability; consider deprioritising
16,523,45,8.6,32008.0,0.08604206500956023,1440360.0,Review,Reassess viability; consider deprioritising
153,607,36,5.93,33132.0,0.05930807248764415,1192752.0,Review,Reassess viability; consider deprioritising
15,888,78,8.78,5257.0,0.08783783783783784,410046.0,Review,Reassess viability; consider deprioritising
1,1074,35,3.26,2969.0,0.032588454376163874,103915.0,Review,Reassess viability; consider deprioritising
