region_code,leads,conversions,conv_pct,avg_premium,conv_rate,extra_conversions,premium_uplift_full,premium_uplift_half
8,33877,3257,9.61,36468.0,0.0961419251999882,868.4146635273502,31669345.949515406,15834672.974757703
15,13308,958,7.2,29625.0,0.07198677487225728,662.5985873076713,19629483.148989763,9814741.574494882
50,10243,642,6.27,30955.0,0.0626769501122718,605.354322948037,18738743.066856485,9369371.533428242
30,12191,900,7.38,25483.0,0.0738249528340579,584.5744948803592,14896711.853036195,7448355.9265180975
36,8797,703,7.99,29376.0,0.07991360691144708,368.26583803318186,10818177.25806275,5409088.629031375
46,19749,2032,10.29,27207.0,0.10289128563471568,372.959535673219,10147110.08706127,5073555.043530635
6,6280,439,6.99,25132.0,0.06990445859872611,325.7549690631331,8186873.882494661,4093436.9412473305
47,7436,652,8.77,30225.0,0.08768154922001076,253.52833597984997,7662893.954990965,3831446.9774954827
10,4374,263,6.01,25026.0,0.060128029263831734,269.64940042709304,6748245.8950884305,3374122.9475442152
37,5501,436,7.93,28502.0,0.07925831666969642,233.89125554399604,6666368.565514975,3333184.2827574876
2,4038,287,7.11,26955.0,0.07107478949975235,204.73257405683623,5518566.5337020205,2759283.2668510103
21,4266,303,7.1,25208.0,0.0710267229254571,216.4975633795105,5457470.577670701,2728735.2888353504
25,2503,107,4.27,25689.0,0.042748701558130243,197.80600120462137,5081438.364945518,2540719.182472759
33,7654,760,9.93,27764.0,0.09929448654298406,172.07556261293323,4777505.920385478,2388752.960192739
17,2617,184,7.03,31487.0,0.07030951471150172,134.6884958659585,4240936.669331435,2120468.3346657176
14,4678,422,9.02,25807.0,0.09020949123557076,147.66938619065868,3810903.8494223286,1905451.9247111643
26,2587,187,7.23,29194.0,0.07228449942017781,128.03520779718556,3737859.8564310353,1868929.9282155177
9,3101,253,8.16,28369.0,0.08158658497258948,124.62821004216175,3535577.6906860867,1767788.8453430433
13,4036,364,9.02,24712.0,0.09018830525272548,127.48902151891801,3150508.6997755016,1575254.3498877508
27,2823,209,7.4,22859.0,0.07403471484236628,134.7744072715326,3080808.1758199637,1540404.0879099818
16,2007,134,6.68,23061.0,0.06676631788739412,110.40497180090894,2546049.054700761,1273024.5273503806
32,2787,239,8.58,24103.0,0.08575529242913527,100.3904615890051,2419711.29567979,1209855.647839895
11,9232,1041,11.28,27607.0,0.11275996533795495,83.23851503038924,2297965.684443956,1148982.842221978
34,1664,126,7.57,26699.0,0.07572115384615384,76.63571154793846,2046096.8626184089,1023048.4313092044
49,1832,137,7.48,23545.0,0.07478165938864628,86.09412473306686,2027086.1668400592,1013543.0834200296
43,2639,244,9.25,26069.0,0.09245926487305797,77.36757378305865,2016895.2809505558,1008447.6404752779
22,1309,83,6.34,24795.0,0.06340718105423988,76.40513606745878,1894465.3487926405,947232.6743963202
12,3198,312,9.76,23446.0,0.0975609756097561,77.4405081311942,1815670.1536439795,907835.0768219897
45,5605,615,10.97,25266.0,0.10972346119536129,67.55598751574217,1706869.5805727418,853434.7902863709
44,808,33,4.08,24442.0,0.04084158415841584,65.39522531895088,1598390.0972457973,799195.0486228986
42,591,44,7.45,24724.0,0.07445008460236886,27.9697749548267,691524.7159831354,345762.3579915677
48,4681,477,10.19,2697.0,0.10190130314035463,93.03471499753597,250914.6263483545,125457.31317417725
0,2021,174,8.61,3048.0,0.08609599208312717,72.1098395663363,219790.79099819306,109895.39549909653
5,1279,148,11.57,24069.0,0.11571540265832682,7.751847998685865,186579.2294803701,93289.61474018505
40,1295,153,11.81,26388.0,0.11814671814671815,4.700268302031424,124030.67995400522,62015.33997700261
31,1960,197,10.05,2694.0,0.10051020408163265,41.681487159831356,112289.92640858567,56144.963204292835
1,1008,109,10.81,2711.0,0.10813492063492064,13.750479110770405,37277.54886929857,18638.774434649284
20,1935,223,11.52,2782.0,0.11524547803617571,12.637080435853903,35156.35777254556,17578.17888627278
19,1535,250,16.29,26575.0,0.16286644951140064,0.0,0.0,0.0
52,267,33,12.36,30334.0,0.12359550561797752,0.0,0.0,0.0
4,1801,285,15.82,23596.0,0.15824541921154914,0.0,0.0,0.0
28,106415,19917,18.72,38669.0,0.18716346379739698,0.0,0.0,0.0
23,1960,300,15.31,23275.0,0.15306122448979592,0.0,0.0,0.0
38,2026,389,19.2,23396.0,0.1920039486673248,0.0,0.0,0.0
24,2415,342,14.16,25768.0,0.14161490683229813,0.0,0.0,0.0
7,3279,432,13.17,25466.0,0.13174748398902103,0.0,0.0,0.0
39,4644,574,12.36,26883.0,0.12360034453057708,0.0,0.0,0.0
18,5153,678,13.16,26812.0,0.13157384048127305,0.0,0.0,0.0
35,6942,865,12.46,26833.0,0.12460386055891674,0.0,0.0,0.0
3,9251,1181,12.77,24524.0,0.1276618743919576,0.0,0.0,0.0
29,11065,1365,12.34,29415.0,0.12336195210122006,0.0,0.0,0.0
41,18263,2224,12.18,30949.0,0.12177626895909763,0.0,0.0,0.0
51,183,28,15.3,28013.0,0.15300546448087432,0.0,0.0,0.0
