region_code,leads,conversions,conv_pct,avg_premium
28,106415,19917,18.72,38669.0
8,33877,3257,9.61,36468.0
46,19749,2032,10.29,27207.0
41,18263,2224,12.18,30949.0
15,13308,958,7.2,29625.0
30,12191,900,7.38,25483.0
29,11065,1365,12.34,29415.0
50,10243,642,6.27,30955.0
3,9251,1181,12.77,24524.0
11,9232,1041,11.28,27607.0
36,8797,703,7.99,29376.0
33,7654,760,9.93,27764.0
47,7436,652,8.77,30225.0
35,6942,865,12.46,26833.0
6,6280,439,6.99,25132.0
45,5605,615,10.97,25266.0
37,5501,436,7.93,28502.0
18,5153,678,13.16,26812.0
48,4681,477,10.19,2697.0
14,4678,422,9.02,25807.0
39,4644,574,12.36,26883.0
10,4374,263,6.01,25026.0
21,4266,303,7.1,25208.0
2,4038,287,7.11,26955.0
13,4036,364,9.02,24712.0
7,3279,432,13.17,25466.0
12,3198,312,9.76,23446.0
9,3101,253,8.16,28369.0
27,2823,209,7.4,22859.0
32,2787,239,8.58,24103.0
43,2639,244,9.25,26069.0
17,2617,184,7.03,31487.0
26,2587,187,7.23,29194.0
25,2503,107,4.27,25689.0
24,2415,342,14.16,25768.0
38,2026,389,19.2,23396.0
0,2021,174,8.61,3048.0
16,2007,134,6.68,23061.0
31,1960,197,10.05,2694.0
23,1960,300,15.31,23275.0
20,1935,223,11.52,2782.0
49,1832,137,7.48,23545.0
4,1801,285,15.82,23596.0
34,1664,126,7.57,26699.0
19,1535,250,16.29,26575.0
22,1309,83,6.34,24795.0
40,1295,153,11.81,26388.0
5,1279,148,11.57,24069.0
1,1008,109,10.81,2711.0
44,808,33,4.08,24442.0
42,591,44,7.45,24724.0
52,267,33,12.36,30334.0
51,183,28,15.3,28013.0
