channel,leads,conversions,conv_pct,avg_premium
152,134784,3858,2.86,30889.0
26,79700,15891,19.94,33654.0
124,73995,13996,18.91,31710.0
160,21779,475,2.18,25576.0
156,10661,2297,21.55,11416.0
122,9930,1720,17.32,36938.0
157,6684,1794,26.84,13941.0
154,5993,1474,24.6,28225.0
151,3885,122,3.14,29307.0
163,2893,880,30.42,24639.0
13,1865,275,14.75,37699.0
25,1848,369,19.97,36929.0
7,1598,182,11.39,37825.0
8,1515,125,8.25,32160.0
30,1410,156,11.06,30662.0
55,1264,189,14.95,40482.0
155,1234,395,32.01,29946.0
11,1203,108,8.98,30556.0
1,1074,35,3.26,2969.0
52,1055,115,10.9,39851.0
125,1026,127,12.38,37653.0
15,888,78,8.78,5257.0
29,843,106,12.57,33499.0
12,783,132,16.86,33572.0
120,769,65,8.45,29051.0
24,750,99,13.2,37728.0
31,631,160,25.36,30420.0
14,622,63,10.13,33877.0
153,607,36,5.93,33132.0
61,579,56,9.67,35643.0
16,523,45,8.6,32008.0
3,523,159,30.4,36660.0
60,517,53,10.25,30981.0
4,509,102,20.04,30163.0
158,492,135,27.44,13792.0
23,422,58,13.74,31781.0
22,332,18,5.42,30743.0
150,312,76,24.36,32461.0
10,264,50,18.94,31288.0
19,222,19,8.56,32732.0
136,185,40,21.62,31259.0
147,184,34,18.48,44183.0
109,175,21,12.0,30054.0
145,174,23,13.22,29008.0
9,169,17,10.06,4651.0
18,167,6,3.59,31359.0
91,158,29,18.35,28446.0
116,154,18,11.69,32006.0
37,152,15,9.87,37318.0
21,148,12,8.11,26339.0
139,143,13,9.09,34842.0
128,137,13,9.49,29720.0
42,132,26,19.7,37405.0
59,127,25,19.69,44515.0
138,124,12,9.68,27860.0
131,121,14,11.57,30093.0
127,110,8,7.27,32100.0
140,107,7,6.54,26565.0
113,104,7,6.73,29919.0
119,103,5,4.85,25187.0
135,101,9,8.91,30199.0
44,101,20,19.8,34632.0
54,100,16,16.0,32003.0
64,89,5,5.62,33002.0
133,85,4,4.71,2630.0
148,77,8,10.39,5823.0
35,75,10,13.33,34512.0
103,72,9,12.5,5968.0
111,68,9,13.24,29918.0
56,65,12,18.46,41718.0
121,64,19,29.69,35203.0
47,63,8,12.7,33403.0
132,62,4,6.45,27275.0
65,59,4,6.78,33235.0
107,54,2,3.7,25785.0
106,52,12,23.08,30642.0
36,52,17,32.69,36643.0
159,51,1,1.96,14211.0
86,48,6,12.5,29573.0
45,47,7,14.89,31083.0
94,46,9,19.57,25880.0
129,44,3,6.82,23773.0
108,38,1,2.63,25001.0
88,34,2,5.88,23936.0
53,32,7,21.88,36001.0
93,28,3,10.71,26923.0
20,27,3,11.11,22252.0
90,26,7,26.92,25652.0
92,24,3,12.5,25947.0
114,23,3,13.04,35386.0
78,23,3,13.04,30798.0
130,22,2,9.09,31268.0
98,21,1,4.76,2630.0
32,21,2,9.52,35946.0
48,20,1,5.0,34855.0
63,19,1,5.26,26114.0
118,18,0,0.0,16800.0
66,18,1,5.56,29565.0
146,16,0,0.0,24883.0
96,16,0,0.0,8236.0
46,16,0,0.0,35640.0
17,16,3,18.75,36409.0
40,15,2,13.33,32522.0
89,14,2,14.29,19497.0
81,14,4,28.57,24801.0
80,14,4,28.57,45692.0
49,14,2,14.29,31255.0
97,13,1,7.69,7060.0
73,13,1,7.69,43269.0
51,12,1,8.33,40270.0
110,11,1,9.09,37487.0
134,10,0,0.0,24972.0
39,10,1,10.0,37756.0
38,10,0,0.0,31711.0
95,9,0,0.0,21329.0
58,9,1,11.11,35043.0
137,8,0,0.0,2630.0
100,8,2,25.0,31548.0
117,7,0,0.0,34060.0
101,7,2,28.57,22720.0
99,7,0,0.0,10176.0
87,7,2,28.57,28947.0
79,6,0,0.0,29933.0
69,6,1,16.67,33253.0
62,6,1,16.67,49673.0
126,5,0,0.0,27180.0
104,5,0,0.0,2630.0
71,5,0,0.0,15647.0
57,5,1,20.0,29676.0
115,4,0,0.0,47551.0
83,4,0,0.0,28663.0
82,4,0,0.0,35156.0
76,4,0,0.0,30515.0
70,4,0,0.0,38749.0
68,4,1,25.0,30448.0
67,4,0,0.0,27886.0
2,4,1,25.0,9588.0
105,3,0,0.0,39710.0
102,3,0,0.0,17107.0
34,3,0,0.0,34428.0
33,3,0,0.0,26130.0
28,3,1,33.33,27855.0
27,3,1,33.33,37191.0
6,3,0,0.0,23246.0
112,2,0,0.0,2630.0
75,2,0,0.0,15622.0
74,2,0,0.0,70360.0
50,2,0,0.0,42246.0
149,1,0,0.0,42974.0
144,1,0,0.0,33236.0
143,1,0,0.0,2630.0
123,1,1,100.0,47383.0
84,1,0,0.0,28265.0
43,1,1,100.0,57744.0
41,1,0,0.0,2630.0
